ID,Sentence,Concept Cluster,Sensory Modality,Interaction Type,Affective Aim,Natural Reference,Temporal Behaviour,Level of Mediation,Spatial Context
70,"I was also thinking of this. If you're going to outdoor shoe store, you have this rock. You can try shoes. Have you done that? Yeah. Run. No, never. Oh yeah. But I also tried these mountain shoes. You have to walk up a little bit and then down. Yeah, yeah, yeah. But it's really nice.",C0,Kinesthetic,Direct Manipulation ,Playfulness / Light Delight,Terrain / Ground Texture,Intermittent / Sporadic,Direct natural,Outdoor-Adjacent
71,"it is kind of nice. But that's maybe also, for example, while hiking, because then you are only busy with walking and knowing that your foot placement is well. So there's one activity that you're doing. And maybe that's also something that we're always doing so much. That's doing so much stuff at the same time. That maybe making the flooring different and having different textures are like a pathway makes the break a bit better because you're distracted and you're only focusing on that thing. And then when you get back to work, you didn't think about work during your break.",C0,Kinesthetic,Exploring ,Mental Reset,Terrain / Ground Texture,Intermittent / Sporadic,Direct natural,Outdoor-Adjacent
71,"it is kind of nice. But that's maybe also, for example, while hiking, because then you are only busy with walking and knowing that your foot placement is well. So there's one activity that you're doing. And maybe that's also something that we're always doing so much. That's doing so much stuff at the same time. That maybe making the flooring different and having different textures are like a pathway makes the break a bit better because you're distracted and you're only focusing on that thing. And then when you get back to work, you didn't think about work during your break.",C0,Touch,Exploring ,Mental Reset,Terrain / Ground Texture,Intermittent / Sporadic,Direct natural,Outdoor-Adjacent
72,So if we think of the possibility of having a stroll around the atrium.,C0,Kinesthetic,Perceiving ,Comfort / Safety,Terrain / Ground Texture,Perpetual,Architectural,Atrium
74,Yeah. So now it's all like quite flat floors.,C0,Sight,Perceiving ,Comfort / Safety,Terrain / Ground Texture,Static,Architectural,Workstation
75,"So you're probably on your phone or you're thinking about something else or you're thinking about your next to-do list for your stuff or your work. But then if we make it in such a way that it is actually only...That you're only putting your focus on the walk, that you're kind of taking your mind off it. That could maybe work.",C0,Kinesthetic,Exploring ,Mental Reset,Terrain / Ground Texture,Intermittent / Sporadic,Architectural,Atrium
75,"So you're probably on your phone or you're thinking about something else or you're thinking about your next to-do list for your stuff or your work. But then if we make it in such a way that it is actually only...That you're only putting your focus on the walk, that you're kind of taking your mind off it. That could maybe work.",C0,Touch,Exploring ,Mental Reset,Terrain / Ground Texture,Intermittent / Sporadic,Architectural,Atrium
76,And then maybe also introduce a height differences. But from level to level. So some kind of combination between...,C0,Kinesthetic,Exploring ,Aliveness,Terrain / Ground Texture,Intermittent / Sporadic,Architectural,Staircase
77,So if you're feeling more active in the morning then you can also use that route to get to your desk... That's good.,C0,Kinesthetic,Exploring ,Aliveness,Terrain / Ground Texture,Perpetual,Architectural,Atrium
78,"Okay. So where does this... Where does this take? Is that this location? Yeah, you can just write whatever that's called. Okay. So does the atrium? Maybe also like the connecting staircases or like the... Yeah. And the staircase... That's more... It's more for me to know what you're talking about really. Yeah, exactly. I'm more interested in how you design and develop the interaction here. Right. So... Yeah. Design and dream... Yeah, I think we have an idea. The main thing is please talk about it so that I can know... Yeah. I think we already... You have said a lot. Perfect. But we'll... Yeah. Or... You also want to like... I'll still... Give like a drawing of it or... If you want it, that's how you work. Or just writing it. You don't have to write anything. That's just basically... Just...",C0,Sight,Perceiving ,Empathy,Terrain / Ground Texture,Static,Architectural,Atrium
78,"Okay. So where does this... Where does this take? Is that this location? Yeah, you can just write whatever that's called. Okay. So does the atrium? Maybe also like the connecting staircases or like the... Yeah. And the staircase... That's more... It's more for me to know what you're talking about really. Yeah, exactly. I'm more interested in how you design and develop the interaction here. Right. So... Yeah. Design and dream... Yeah, I think we have an idea. The main thing is please talk about it so that I can know... Yeah. I think we already... You have said a lot. Perfect. But we'll... Yeah. Or... You also want to like... I'll still... Give like a drawing of it or... If you want it, that's how you work. Or just writing it. You don't have to write anything. That's just basically... Just...",C0,Kinesthetic,Perceiving ,Empathy,Terrain / Ground Texture,Static,Architectural,Atrium
79,Okay. What's the purpose of the space? To take a break inside.,C0,Sight,Perceiving ,Mental Reset,Terrain / Ground Texture,Static,Architectural,Workstation
79,Okay. What's the purpose of the space? To take a break inside.,C0,Kinesthetic,Perceiving ,Mental Reset,Terrain / Ground Texture,Static,Architectural,Workstation
80,"And then how do we interact in the space with each other or with nature? They are walking together. Actually, for this one, if you just want to write down what interaction you want to bring into the space, that's easier. So that's...",C0,Kinesthetic,Collaborative ,Socialness,Terrain / Ground Texture,Perpetual,Architectural,Atrium
81,"Taking a stroll. Yeah, like it feels like you're outside in a forest environment. Perfect. That's correct English, right? That's useful. This is just for me to understand what we're doing. Okay. And... And this is our beauty dish? Yes. So then I'm going to point you to that. If you want to see... Do you want to bring in taste, for example? Do you want to bring in movements? Taste That would be interesting.",C0,Kinesthetic,Exploring ,Empathy,Vegetation,Gradual,Architectural,Atrium
81,"Taking a stroll. Yeah, like it feels like you're outside in a forest environment. Perfect. That's correct English, right? That's useful. This is just for me to understand what we're doing. Okay. And... And this is our beauty dish? Yes. So then I'm going to point you to that. If you want to see... Do you want to bring in taste, for example? Do you want to bring in movements? Taste That would be interesting.",C0,Sight,Exploring ,Empathy,Vegetation,Gradual,Architectural,Atrium
81,"Taking a stroll. Yeah, like it feels like you're outside in a forest environment. Perfect. That's correct English, right? That's useful. This is just for me to understand what we're doing. Okay. And... And this is our beauty dish? Yes. So then I'm going to point you to that. If you want to see... Do you want to bring in taste, for example? Do you want to bring in movements? Taste That would be interesting.",C0,Sound,Exploring ,Empathy,Vegetation,Gradual,Architectural,Atrium
82,And maybe you have some flowers that are edible. Yeah. Or herbs. And as you buy the... The phrase. Yeah. Yeah. Can you please use these to maybe add stuff? I don't know how you want to brainstorm. We'll just talk about it and I know you already did a lot.,C0,Taste,Perceiving ,Aliveness,Vegetation,Intermittent / Sporadic,Direct natural,Atrium
82,And maybe you have some flowers that are edible. Yeah. Or herbs. And as you buy the... The phrase. Yeah. Yeah. Can you please use these to maybe add stuff? I don't know how you want to brainstorm. We'll just talk about it and I know you already did a lot.,C0,Smell,Perceiving ,Aliveness,Vegetation,Intermittent / Sporadic,Direct natural,Atrium
83,So I think what we want is the experience of taking a stroll outside and also through the little park we went which has difficulties in the path. So it's not only just very smooth.,C0,Kinesthetic,Exploring ,Curiosity / Gentle Fascination,Terrain / Ground Texture,Cyclical / Rhythmic,Direct natural,Outdoor-Adjacent
83,So I think what we want is the experience of taking a stroll outside and also through the little park we went which has difficulties in the path. So it's not only just very smooth.,C0,Touch,Exploring ,Curiosity / Gentle Fascination,Terrain / Ground Texture,Cyclical / Rhythmic,Direct natural,Outdoor-Adjacent
85,"We had to step over the wooden beam, there wouldn't be. That was right in there.",C0,Kinesthetic,Direct Manipulation ,Playfulness / Light Delight,Natural Randomness / Natural Disorder,Ephemeral / Fleeting,Direct natural,Outdoor-Adjacent
85,"We had to step over the wooden beam, there wouldn't be. That was right in there.",C0,Touch,Direct Manipulation ,Playfulness / Light Delight,Natural Randomness / Natural Disorder,Intermittent / Sporadic,Direct natural,Outdoor-Adjacent
86,"The trunk. And then there was some muddy areas, even some water, and then we're softer and harder.",C0,Touch,Direct Manipulation ,Curiosity / Gentle Fascination,Water,Intermittent / Sporadic,Direct natural,Outdoor-Adjacent
86,"The trunk. And then there was some muddy areas, even some water, and then we're softer and harder.",C0,Kinesthetic,Direct Manipulation ,Curiosity / Gentle Fascination,Water,Intermittent / Sporadic,Direct natural,Outdoor-Adjacent
86,"The trunk. And then there was some muddy areas, even some water, and then we're softer and harder.",C0,Smell,Direct Manipulation ,Curiosity / Gentle Fascination,Water,Intermittent / Sporadic,Direct natural,Outdoor-Adjacent
88,"And I think that made me being very aware of where I was and actually being aware of me taking a break and taking a stroll and looking around and not being busy with work. Having really like a reset. So maybe to kind of exaggerate that idea in this atrium - makes us feeling better after a break inside in the atrium because we focused on the walk that has also difficulties in it. So maybe there's, yeah, like we said a high difference. They have to cross or there's random like an offset or like one one thing that you have to walk over like a, let me see that. Like a threshold like a random element that's right in the middle of the pathway that feels unlogical, but.",C0,Kinesthetic,Exploring ,Mental Reset,Natural Randomness / Natural Disorder,Ephemeral / Fleeting,Architectural,Atrium
88,"And I think that made me being very aware of where I was and actually being aware of me taking a break and taking a stroll and looking around and not being busy with work. Having really like a reset. So maybe to kind of exaggerate that idea in this atrium - makes us feeling better after a break inside in the atrium because we focused on the walk that has also difficulties in it. So maybe there's, yeah, like we said a high difference. They have to cross or there's random like an offset or like one one thing that you have to walk over like a, let me see that. Like a threshold like a random element that's right in the middle of the pathway that feels unlogical, but.",C0,Sight,Exploring ,Mental Reset,Terrain / Ground Texture,Ephemeral / Fleeting,Architectural,Atrium
88,"And I think that made me being very aware of where I was and actually being aware of me taking a break and taking a stroll and looking around and not being busy with work. Having really like a reset. So maybe to kind of exaggerate that idea in this atrium - makes us feeling better after a break inside in the atrium because we focused on the walk that has also difficulties in it. So maybe there's, yeah, like we said a high difference. They have to cross or there's random like an offset or like one one thing that you have to walk over like a, let me see that. Like a threshold like a random element that's right in the middle of the pathway that feels unlogical, but.",C0,Touch,Exploring ,Mental Reset,"Landscape (Views, Distance, Horizon)",Ephemeral / Fleeting,Architectural,Atrium
89,"So whatever you say, okay. Taking a stroll is more like…. logical. And less smooth so that you're only being focused on the route and not on different things. So that your mind is actually only focusing on that so that maybe that's the way to calm down. So maybe also in terms of materials like you said that you kind of feel that is a different that something is softer that you fall in in a little bit or.",C0,Touch,Exploring ,Mental Reset,Terrain / Ground Texture,Intermittent / Sporadic,Architectural,Atrium
89,"So whatever you say, okay. Taking a stroll is more like…. logical. And less smooth so that you're only being focused on the route and not on different things. So that your mind is actually only focusing on that so that maybe that's the way to calm down. So maybe also in terms of materials like you said that you kind of feel that is a different that something is softer that you fall in in a little bit or.",C0,Kinesthetic,Exploring ,Mental Reset,Terrain / Ground Texture,Intermittent / Sporadic,Architectural,Atrium
90,"Yeah This is our soft area. Soft area. Or even a bumpy floor. Yeah. If we would have lose elements, you're walking over…like in the Jewish museum in berlin..",C0,Touch,Direct Manipulation ,Playfulness / Light Delight,Terrain / Ground Texture,Cyclical / Rhythmic,Architectural,Atrium
91,"Yeah. I've been there. But that also is making a lot of noise. Oh, yeah. Walking over. So maybe there's like a little like gate thing or like a close off space that you need to walk through or like a curtain that you have to pull in order to get through or something.",C0,Sound,Direct Manipulation ,Playfulness / Light Delight,Natural Randomness / Natural Disorder,Cyclical / Rhythmic,Architectural,Atrium
91,"Yeah. I've been there. But that also is making a lot of noise. Oh, yeah. Walking over. So maybe there's like a little like gate thing or like a close off space that you need to walk through or like a curtain that you have to pull in order to get through or something.",C0,Touch,Direct Manipulation ,Playfulness / Light Delight,Natural Randomness / Natural Disorder,Cyclical / Rhythmic,Architectural,Atrium
92,"Yeah. Which make noise. Oh, there's even like hanging down something from the city or something. Yeah. Yeah something. I think you need to pull aside to be able to pass.",C0,Sound,Direct Manipulation ,Playfulness / Light Delight,Vegetation,Cyclical / Rhythmic,Architectural,Atrium
92,"Yeah. Which make noise. Oh, there's even like hanging down something from the city or something. Yeah. Yeah something. I think you need to pull aside to be able to pass.",C0,Touch,Direct Manipulation ,Playfulness / Light Delight,Vegetation,Cyclical / Rhythmic,Architectural,Atrium
93,"Yeah. And I think that's maybe that's maybe not for this, but we're always saying that every staircase had needs to have the same depth and height in order for people not to trip. Yeah. But that's mainly because people are not focused on the staircase. Like sometimes I'm walking a staircase at a station with my phone texting. Exactly. And I can do that because every stair is the same. Yeah. But it would also be super nice to create this route that is a staircase, but it's actually different. And sometimes you skip a stair one or sometimes it's a super like long, like high. And then you have two small ones and then there's, I don't know, break. And then you go up one and then you go down again. Like it actually makes you activated more and it gets you to the same place.",C0,Kinesthetic,Exploring ,Aliveness,Terrain / Ground Texture,Intermittent / Sporadic,Architectural,Staircase
94,"But it's very interesting. And then maybe you have that. And then it's like artificial shapes. Like risers are. Yeah, you can also have. It's artificial with maybe they're rocky. They're rocky, yeah.",C0,Kinesthetic,Direct Manipulation ,Curiosity / Gentle Fascination,Terrain / Ground Texture,Intermittent / Sporadic,Direct natural,Staircase
94,"But it's very interesting. And then maybe you have that. And then it's like artificial shapes. Like risers are. Yeah, you can also have. It's artificial with maybe they're rocky. They're rocky, yeah.",C0,Touch,Direct Manipulation ,Curiosity / Gentle Fascination,Terrain / Ground Texture,Intermittent / Sporadic,Direct natural,Staircase
95,"Or maybe one is like sticking out and you have to, I don't know, do something there's a rope.",C0,Kinesthetic,Direct Manipulation ,Playfulness / Light Delight,Natural Randomness / Natural Disorder,Static,Architectural,Staircase
95,"Or maybe one is like sticking out and you have to, I don't know, do something there's a rope.",C0,Touch,Direct Manipulation ,Playfulness / Light Delight,Natural Randomness / Natural Disorder,Static,Architectural,Staircase
97,"So you're also not focused on your walk. Yeah, so the break maybe doesn't have the result that you want it to have. Yeah, to be focused on walking, where to place your feet.",C0,Kinesthetic,Exploring ,Mental Reset,Terrain / Ground Texture,Intermittent / Sporadic,Architectural,Atrium
98,"Just for example on this surface it would be super funny to have one side have normal. And then the other side it's, you can do whatever you want. Like there's, I don't know.",C0,Kinesthetic,Direct Manipulation ,Playfulness / Light Delight,Terrain / Ground Texture,Intermittent / Sporadic,Architectural,Atrium
98,"Just for example on this surface it would be super funny to have one side have normal. And then the other side it's, you can do whatever you want. Like there's, I don't know.",C0,Touch,Direct Manipulation ,Playfulness / Light Delight,Terrain / Ground Texture,Intermittent / Sporadic,Architectural,Atrium
99,"So walking in an interesting interior.. Make you being more, make you focus on the walk.",C0,Kinesthetic,Exploring ,Aliveness,Terrain / Ground Texture,Perpetual,Architectural,Atrium
100,"So you need your attention. Yeah, your mind is.",C0,Kinesthetic,Perceiving ,Curiosity / Gentle Fascination,Natural Randomness / Natural Disorder,Perpetual,Architectural,Atrium
101,I need your attention. You need to be focused on where to place your feet. Yeah. Maybe it's as simple as that.,C0,Kinesthetic,Exploring ,Comfort / Safety,Terrain / Ground Texture,Perpetual,Architectural,Atrium
102,"And because of that, your mind is only focused on that. And maybe that helps your break being better. I think it would definitely help me. Yeah, so and that's probably the fact that that's soothing somehow or that comes you down. Yeah. That you set your mind, your thoughts to something else and your work. Then the daily things.",C0,Kinesthetic,Perceiving ,Mental Reset,Terrain / Ground Texture,Gradual,Architectural,Atrium
103,"For example, I'm thinking of why I like working out and like sport outside or sport in general. But that is because I'm focused on moving the kilos or making a, making a goal or making a pass. And that's, I'm only focused on that. And then after I always feel so relaxed because I was not thinking about all the different stuff. So maybe making a dip, yeah, making a walk more interesting could help. Feeling more relaxed afterwards.",C0,Kinesthetic,Exploring ,Mental Reset,Terrain / Ground Texture,Perpetual,Direct natural,Outdoor-Adjacent
104,"Yeah, that also goes like, I'm also thinking about like the IKEA ballenback (children’s play area). Exactly. Yeah. Where you're like, when, I think this is already a thing now where when you were younger, you would just used to go to like a klimpark, right? Or not like outside klim park, but like an inside, mace thing where you have all these like cubes where you can walk through and run through. You know, I mean, yeah, something like that. Or no, you have all like these, it's like all these cubes with different colors. And there's one here. And then I would always. I don't know what's the word. And general thing or is it special place? No, it's like these like these fun parks inside where you would use, I would always use the like play chase with a lot of friends in those things and find the fastest route. But they also have this for adults now. Okay. And it reminds me a little bit of that that you're kind of like trying to find your way.",C0,Kinesthetic,Direct Manipulation ,Playfulness / Light Delight,Natural Randomness / Natural Disorder,Intermittent / Sporadic,Architectural,Atrium
104,"Yeah, that also goes like, I'm also thinking about like the IKEA ballenback (children’s play area). Exactly. Yeah. Where you're like, when, I think this is already a thing now where when you were younger, you would just used to go to like a klimpark, right? Or not like outside klim park, but like an inside, mace thing where you have all these like cubes where you can walk through and run through. You know, I mean, yeah, something like that. Or no, you have all like these, it's like all these cubes with different colors. And there's one here. And then I would always. I don't know what's the word. And general thing or is it special place? No, it's like these like these fun parks inside where you would use, I would always use the like play chase with a lot of friends in those things and find the fastest route. But they also have this for adults now. Okay. And it reminds me a little bit of that that you're kind of like trying to find your way.",C0,Sight,Direct Manipulation ,Playfulness / Light Delight,Natural Randomness / Natural Disorder,Intermittent / Sporadic,Architectural,Atrium
104,"Yeah, that also goes like, I'm also thinking about like the IKEA ballenback (children’s play area). Exactly. Yeah. Where you're like, when, I think this is already a thing now where when you were younger, you would just used to go to like a klimpark, right? Or not like outside klim park, but like an inside, mace thing where you have all these like cubes where you can walk through and run through. You know, I mean, yeah, something like that. Or no, you have all like these, it's like all these cubes with different colors. And there's one here. And then I would always. I don't know what's the word. And general thing or is it special place? No, it's like these like these fun parks inside where you would use, I would always use the like play chase with a lot of friends in those things and find the fastest route. But they also have this for adults now. Okay. And it reminds me a little bit of that that you're kind of like trying to find your way.",C0,Touch,Direct Manipulation ,Playfulness / Light Delight,Natural Randomness / Natural Disorder,Intermittent / Sporadic,Architectural,Atrium
105,So this can be designed as an alternative route to connect different floors and functions of the building.,C0,Kinesthetic,Exploring ,Comfort / Safety,Terrain / Ground Texture,Perpetual,Architectural,Atrium
106,"Yeah. Yeah. I mean, these indoor playground things. Oh, cool. Like when I was younger, I would used to go to stuff like this. And we would go there with like for like parties. We were younger, but they have this for adults now too. Where you're like having, yeah, exactly like this. Like avoid stuff or like go through like a tube.",C0,Kinesthetic,Exploring ,Playfulness / Light Delight,Terrain / Ground Texture,Intermittent / Sporadic,Architectural,Atrium
107,But like the idea is that for children is that I think to activate their senses and kind of like move your body in the right way. And avoid stuff and know when to place your hands so that you can climb up something.,C0,Kinesthetic,Direct Manipulation ,Playfulness / Light Delight,Terrain / Ground Texture,Intermittent / Sporadic,Architectural,Atrium
108,"So this is a rocky part of the path. And comes the bucket with loose elements. The ballabuck. Yeah. The ballabuck. Yeah. No, well, I mean. I know. Why not? And if you design it in such a way, it could also be very interesting. Maybe it's like, um, could be. I feel like kind of this art installation that is within your building. If you use different types of colors and materials.",C0,Kinesthetic,Direct Manipulation ,Aliveness,Terrain / Ground Texture,Cyclical / Rhythmic,Direct natural,Atrium
108,"So this is a rocky part of the path. And comes the bucket with loose elements. The ballabuck. Yeah. The ballabuck. Yeah. No, well, I mean. I know. Why not? And if you design it in such a way, it could also be very interesting. Maybe it's like, um, could be. I feel like kind of this art installation that is within your building. If you use different types of colors and materials.",C0,Touch,Direct Manipulation ,Aliveness,Terrain / Ground Texture,Cyclical / Rhythmic,Direct natural,Atrium
108,"So this is a rocky part of the path. And comes the bucket with loose elements. The ballabuck. Yeah. The ballabuck. Yeah. No, well, I mean. I know. Why not? And if you design it in such a way, it could also be very interesting. Maybe it's like, um, could be. I feel like kind of this art installation that is within your building. If you use different types of colors and materials.",C0,Sight,Direct Manipulation ,Aliveness,Terrain / Ground Texture,Cyclical / Rhythmic,Direct natural,Atrium
109,I noticed about art here. This installation done by I. I. I take mother. And he put it like the floors full with I think sunflower seeds. But they were like ceramic. They were hand painted. But they're like millions of those. And you could walk over it.,C0,Touch,Direct Manipulation ,Authenticity / Groundedness,Natural Randomness / Natural Disorder,Intermittent / Sporadic,Architectural,Atrium
109,I noticed about art here. This installation done by I. I. I take mother. And he put it like the floors full with I think sunflower seeds. But they were like ceramic. They were hand painted. But they're like millions of those. And you could walk over it.,C0,Sound,Direct Manipulation ,Authenticity / Groundedness,Natural Randomness / Natural Disorder,Intermittent / Sporadic,Architectural,Atrium
110,"Ai Weiwei: Sunflower Seeds. So sunflower seeds. Oh, that's cool.",C0,Sight,Perceiving ,Authenticity / Groundedness,Vegetation,Static,Architectural,Atrium
111,Where is this? There was an installation in big modern. These are all hand painted. And I think he wanted to make people awear of like child labor and like crazy amount of labor. And you can just walk over them and crush them.,C0,Touch,Perceiving ,Empathy,Natural Randomness / Natural Disorder,Intermittent / Sporadic,Architectural,Atrium
111,Where is this? There was an installation in big modern. These are all hand painted. And I think he wanted to make people awear of like child labor and like crazy amount of labor. And you can just walk over them and crush them.,C0,Sound,Perceiving ,Empathy,Natural Randomness / Natural Disorder,Intermittent / Sporadic,Architectural,Atrium
112,"I don't know. But that is, yeah. We could make natural path. Oh, but it's... rocky stairs. What else do we want? Irregular tree trunk. Yeah. Like irregular or like unlogical elements that are blocking the room. A shark. Or like...",C0,Kinesthetic,Exploring ,Playfulness / Light Delight,Terrain / Ground Texture,Intermittent / Sporadic,Direct natural,Atrium
112,"I don't know. But that is, yeah. We could make natural path. Oh, but it's... rocky stairs. What else do we want? Irregular tree trunk. Yeah. Like irregular or like unlogical elements that are blocking the room. A shark. Or like...",C0,Touch,Exploring ,Playfulness / Light Delight,Terrain / Ground Texture,Intermittent / Sporadic,Direct natural,Atrium
112,"I don't know. But that is, yeah. We could make natural path. Oh, but it's... rocky stairs. What else do we want? Irregular tree trunk. Yeah. Like irregular or like unlogical elements that are blocking the room. A shark. Or like...",C0,Sight,Exploring ,Authenticity / Groundedness,Terrain / Ground Texture,Intermittent / Sporadic,Direct natural,Atrium
113,"Oh, something hanging, right? So maybe like plants hanging down. You have to like... Yeah.",C0,Touch,Direct Manipulation ,Curiosity / Gentle Fascination,Vegetation,Ephemeral / Fleeting,Direct natural,Atrium
113,"Oh, something hanging, right? So maybe like plants hanging down. You have to like... Yeah.",C0,Sight,Direct Manipulation ,Curiosity / Gentle Fascination,Vegetation,Ephemeral / Fleeting,Direct natural,Atrium
120,"Yeah, sure. Water. Oh, yeah, with splashes. Yeah, we're like rocks and then you have to like... Okay. I don't know. Oh, like stepping stones. Yeah. Something like that. You can choose if you want to take the bucket with loose elements or you can take the pond with stepping stones.",C0,Kinesthetic,Direct Manipulation ,Curiosity / Gentle Fascination,Water,Cyclical / Rhythmic,Direct natural,Atrium
120,"Yeah, sure. Water. Oh, yeah, with splashes. Yeah, we're like rocks and then you have to like... Okay. I don't know. Oh, like stepping stones. Yeah. Something like that. You can choose if you want to take the bucket with loose elements or you can take the pond with stepping stones.",C0,Touch,Direct Manipulation ,Playfulness / Light Delight,Water,Cyclical / Rhythmic,Direct natural,Atrium
120,"Yeah, sure. Water. Oh, yeah, with splashes. Yeah, we're like rocks and then you have to like... Okay. I don't know. Oh, like stepping stones. Yeah. Something like that. You can choose if you want to take the bucket with loose elements or you can take the pond with stepping stones.",C0,Sound,Direct Manipulation ,Playfulness / Light Delight,Water,Cyclical / Rhythmic,Direct natural,Atrium
121,"Don't know how we would get a budget for this, but... So if there's no budget, then the regular corridors have to be this way. Yeah. Oh, right. Yeah. To save space. Yeah, to save space. Yeah. Because there's no budgets for a regular corridor and a pond with stepping stones.",C0,Sight,Perceiving ,Comfort / Safety,Water,Static,Hybrid / Mixed,Corridor
122,"Would you say maybe there's like one element that actually goes outside on like a roof terrace, so the route is part of it. Oh, we can go indoor and outdoor. That like, for example, part of it goes on the roof terrace. And there's also the normal way to go inside, but the this active route is to go outside whether it rains, winds, experience the natural... You just make the way that they do that.",C0,Kinesthetic,Exploring ,Empathy,Seasonality / Weather and Atmosphere,Intermittent / Sporadic,Hybrid / Mixed,Outdoor-Adjacent
134,"Normally, like in nature, it would be more organically type shaped?. So, it's not made on once. There's new stuff added.",C1,Sight,Perceiving ,Curiosity / Gentle Fascination,Natural Randomness / Natural Disorder,Gradual,Direct natural,Outdoor-Adjacent
134,"Normally, like in nature, it would be more organically type shaped?. So, it's not made on once. There's new stuff added.",C1,Touch,Perceiving ,Curiosity / Gentle Fascination,Natural Randomness / Natural Disorder,Gradual,Direct natural,Outdoor-Adjacent
135,"In nature itself. If you want to... Normally, don't just go to a patch of grass. Normally, it's semi-man-made. There's still a small path in the patch of grass. Yeah. I like that better actually than walking just through the... It's only from the batch. Yeah, only from the batch. Yeah, the shortcut. Yeah, exactly.",C1,Kinesthetic,Exploring ,Curiosity / Gentle Fascination,Terrain / Ground Texture,Perpetual,Direct natural,Outdoor-Adjacent
135,"In nature itself. If you want to... Normally, don't just go to a patch of grass. Normally, it's semi-man-made. There's still a small path in the patch of grass. Yeah. I like that better actually than walking just through the... It's only from the batch. Yeah, only from the batch. Yeah, the shortcut. Yeah, exactly.",C1,Touch,Exploring ,Curiosity / Gentle Fascination,Terrain / Ground Texture,Perpetual,Direct natural,Outdoor-Adjacent
137,"So, maybe define the different routings here. Or treat the pavements for the different roundings in a smaller path. Physically, maybe also by a... A...tactility. Use different stones for different paths that you could take here. Without being too hard in the boundaries. I mean, it's gonna all be... Walked on.",C1,Touch,Exploring ,Curiosity / Gentle Fascination,Terrain / Ground Texture,Intermittent / Sporadic,Direct natural,Atrium
137,"So, maybe define the different routings here. Or treat the pavements for the different roundings in a smaller path. Physically, maybe also by a... A...tactility. Use different stones for different paths that you could take here. Without being too hard in the boundaries. I mean, it's gonna all be... Walked on.",C1,Kinesthetic,Exploring ,Curiosity / Gentle Fascination,Terrain / Ground Texture,Intermittent / Sporadic,Direct natural,Atrium
138,"Oh, without being too hard in boundaries. So, I'm making a cube. So, that doesn't fit that. But if you want to make a cube, you can make a cube. Oh, that's the point of course. The point is that we actually have to think that we can do whatever we want.",C1,Sight,Perceiving ,Playfulness / Light Delight,Natural Randomness / Natural Disorder,Static,Architectural,Atrium
140,"And like different. But you don't... If you don't want to feel forced, then also there should not really be a system in one kind of flooring goes where? Like if there's a fog going through it.",C1,Touch,Perceiving ,Comfort / Safety,Natural Randomness / Natural Disorder,Gradual,Architectural,Atrium
141,"But I like this part. I can say. Okay. It's quite similar to what we have here in the pavement on the outside actually. Yeah, this is how to paint it. I really told you when we came walking up here that I like that there's... Some sort of soft edge to the... To the spade thing. There's more dark cells on the inside or more. Reddish ones, but they're on there.",C1,Sight,Perceiving ,Authenticity / Groundedness,Terrain / Ground Texture,Gradual,Architectural,Outdoor-Adjacent
141,"But I like this part. I can say. Okay. It's quite similar to what we have here in the pavement on the outside actually. Yeah, this is how to paint it. I really told you when we came walking up here that I like that there's... Some sort of soft edge to the... To the spade thing. There's more dark cells on the inside or more. Reddish ones, but they're on there.",C1,Touch,Perceiving ,Authenticity / Groundedness,Terrain / Ground Texture,Gradual,Architectural,Outdoor-Adjacent
142,"Oh, yay! And even though it's still a shared space, you can walk everywhere. And it's still clear that there's a natural rise for bicycles.",C1,Kinesthetic,Exploring ,Socialness,Terrain / Ground Texture,Perpetual,Architectural,Outdoor-Adjacent
142,"Oh, yay! And even though it's still a shared space, you can walk everywhere. And it's still clear that there's a natural rise for bicycles.",C1,Sight,Exploring ,Socialness,Terrain / Ground Texture,Perpetual,Architectural,Outdoor-Adjacent
143,"So what is indeed quite fine, that... What we like in this outdoor interaction is the diversity. Things that we see or that we can touch. And our thought was to have the diversity in the inside. And I just wrote down three times in a different way that... The interaction of the space of this entrance area is searching for a route. Walking that route. So... It's trying to have a good look at your surroundings. Where are you? Where do you have to go to? In order to help that specific purpose. So, if you want to go to the hierarchy, a less diversity might be the... A good solution.",C1,Sight,Exploring ,Curiosity / Gentle Fascination,Vegetation,Gradual,Architectural,Outdoor-Adjacent
143,"So what is indeed quite fine, that... What we like in this outdoor interaction is the diversity. Things that we see or that we can touch. And our thought was to have the diversity in the inside. And I just wrote down three times in a different way that... The interaction of the space of this entrance area is searching for a route. Walking that route. So... It's trying to have a good look at your surroundings. Where are you? Where do you have to go to? In order to help that specific purpose. So, if you want to go to the hierarchy, a less diversity might be the... A good solution.",C1,Touch,Exploring ,Curiosity / Gentle Fascination,Vegetation,Gradual,Architectural,Outdoor-Adjacent
143,"So what is indeed quite fine, that... What we like in this outdoor interaction is the diversity. Things that we see or that we can touch. And our thought was to have the diversity in the inside. And I just wrote down three times in a different way that... The interaction of the space of this entrance area is searching for a route. Walking that route. So... It's trying to have a good look at your surroundings. Where are you? Where do you have to go to? In order to help that specific purpose. So, if you want to go to the hierarchy, a less diversity might be the... A good solution.",C1,Kinesthetic,Exploring ,Empathy,Vegetation,Gradual,Architectural,Outdoor-Adjacent
144,Yeah. If you... purely you want to figure out which classroom to go to. And there should be less stimuli.,C1,Sight,Perceiving ,Comfort / Safety,Vegetation,Static,Architectural,Outdoor-Adjacent
160,"Not like bottles, but maybe dirt or pebbles.",C1,Touch,Perceiving ,Curiosity / Gentle Fascination,Terrain / Ground Texture,Intermittent / Sporadic,Direct natural,Atrium
160,"Not like bottles, but maybe dirt or pebbles.",C1,Kinesthetic,Perceiving ,Curiosity / Gentle Fascination,Terrain / Ground Texture,Intermittent / Sporadic,Direct natural,Atrium
162,"If you have already this thing, can I do something on it? For sure. I like the fact that there's some sort of path still. And I would love to see this path. We treat differently than the other surfaces. In nature, you would always go for the best walkable area. I think everything on the site can have a higher tactility than the path that you walk on. The path would be the path of less resistance. Exactly. This can be way more pebbly or something. Obviously, there are also more routes than just a single one. But we're at the moment just dreaming of this big red route.",C1,Touch,Direct Manipulation ,Curiosity / Gentle Fascination,Terrain / Ground Texture,Perpetual,Architectural,Atrium
162,"If you have already this thing, can I do something on it? For sure. I like the fact that there's some sort of path still. And I would love to see this path. We treat differently than the other surfaces. In nature, you would always go for the best walkable area. I think everything on the site can have a higher tactility than the path that you walk on. The path would be the path of less resistance. Exactly. This can be way more pebbly or something. Obviously, there are also more routes than just a single one. But we're at the moment just dreaming of this big red route.",C1,Kinesthetic,Direct Manipulation ,Curiosity / Gentle Fascination,Terrain / Ground Texture,Perpetual,Architectural,Atrium
220,[F] and i would also explore the function of what you want to do in the space in relation to the qualities of the space….eg light…,C2,Sight,Perceiving ,Playfulness / Light Delight,Light & Shadow,Gradual,Architectural,Workstation
220,[F] and i would also explore the function of what you want to do in the space in relation to the qualities of the space….eg light…,C2,Touch,Perceiving ,Playfulness / Light Delight,Light & Shadow,Gradual,Architectural,Workstation
223,[F] yeah but i think that the purpose of adding texture to the space is when you having a break from what you are doing,C2,Touch,Perceiving ,Mental Reset,Natural Randomness / Natural Disorder,Static,Architectural,Workstation
224,"[A] perhaps…or when you are stimulated during what you are doing, to do it better. Because what is the purpose of the space? Its like …what is the essence of work….? Its about engaging in what you do…maybe thats about concentration, focus, creativity, being stimulated, inspired….[writes down engagement, inspiration nd stimulationm]",C2,Sight,Perceiving ,Curiosity / Gentle Fascination,Natural Randomness / Natural Disorder,Static,Architectural,Workstation
224,"[A] perhaps…or when you are stimulated during what you are doing, to do it better. Because what is the purpose of the space? Its like …what is the essence of work….? Its about engaging in what you do…maybe thats about concentration, focus, creativity, being stimulated, inspired….[writes down engagement, inspiration nd stimulationm]",C2,Sound,Perceiving ,Curiosity / Gentle Fascination,Natural Randomness / Natural Disorder,Static,Architectural,Workstation
225,[F] maybe the purpose of the space in relation to working from home…so why do you go here instead of staying at home….,C2,Kinesthetic,Perceiving ,Empathy,Natural Randomness / Natural Disorder,Static,Architectural,Workstation
225,[F] maybe the purpose of the space in relation to working from home…so why do you go here instead of staying at home….,C2,Sight,Perceiving ,Empathy,Natural Randomness / Natural Disorder,Static,Architectural,Workstation
226,[A] where does this take place? I’d say everywhere…because texture can do everything…okay now let’s look at the space..this is the space (an office room) this is what we see…we dont know whats here and here (referring to sides that are not in the photo) so for me i would say that we want to experiences this [refers to the outside of the buuilding] but I would say open it up and connect.we create more open space…and,C2,Sight,Perceiving ,Empathy,"Landscape (Views, Distance, Horizon)",Gradual,Architectural,Workstation
227,[F] And i think that also relates to scale,C2,Sight,Perceiving ,Authenticity / Groundedness,"Landscape (Views, Distance, Horizon)",Static,Architectural,Workstation
228,So I say we open it up but we keep the structure…,C2,Sight,Perceiving ,Authenticity / Groundedness,"Landscape (Views, Distance, Horizon)",Static,Architectural,Workstation
229,"..but you do have the relation with the…and actually this is a project that i always wanted to do but maybe this is semi-transparent….so we have texturised, and here is the window and the light goes through….",C2,Sight,Perceiving ,Curiosity / Gentle Fascination,Light & Shadow,Gradual,Architectural,Workstation
229,"..but you do have the relation with the…and actually this is a project that i always wanted to do but maybe this is semi-transparent….so we have texturised, and here is the window and the light goes through….",C2,Touch,Perceiving ,Curiosity / Gentle Fascination,Light & Shadow,Gradual,Architectural,Workstation
230,[F] it could also be soft like a curtain…i was once at the beach and saw that the water was really shallow and rippled in a really nice way….and then we had a school project where we had to capture an outdoor experience…so we found this fabric organza fabric and we made it move with a wind blower….,C2,Sight,Perceiving ,Empathy,Water,Ephemeral / Fleeting,Hybrid / Mixed,Workstation
230,[F] it could also be soft like a curtain…i was once at the beach and saw that the water was really shallow and rippled in a really nice way….and then we had a school project where we had to capture an outdoor experience…so we found this fabric organza fabric and we made it move with a wind blower….,C2,Touch,Perceiving ,Empathy,Water,Ephemeral / Fleeting,Technological,Workstation
230,[F] it could also be soft like a curtain…i was once at the beach and saw that the water was really shallow and rippled in a really nice way….and then we had a school project where we had to capture an outdoor experience…so we found this fabric organza fabric and we made it move with a wind blower….,C2,Kinesthetic,Perceiving ,Empathy,Water,Ephemeral / Fleeting,Hybrid / Mixed,Workstation
231,"[A] that's really nice and this is not moving so maybe it should be moving actually. So its more interesting to make it like curtains - diff levels of curtains with movementing and you can also pazs through, semi transparent, you feel the etching, you experience it when someone is passing by…the curtain is tracking (what i really like is that when you open a door andthe curtain moves…)",C2,Touch,Direct Manipulation ,Playfulness / Light Delight,Vegetation,Ephemeral / Fleeting,Architectural,Workstation
231,"[A] that's really nice and this is not moving so maybe it should be moving actually. So its more interesting to make it like curtains - diff levels of curtains with movementing and you can also pazs through, semi transparent, you feel the etching, you experience it when someone is passing by…the curtain is tracking (what i really like is that when you open a door andthe curtain moves…)",C2,Sight,Direct Manipulation ,Playfulness / Light Delight,Vegetation,Ephemeral / Fleeting,Architectural,Workstation
231,"[A] that's really nice and this is not moving so maybe it should be moving actually. So its more interesting to make it like curtains - diff levels of curtains with movementing and you can also pazs through, semi transparent, you feel the etching, you experience it when someone is passing by…the curtain is tracking (what i really like is that when you open a door andthe curtain moves…)",C2,Kinesthetic,Direct Manipulation ,Playfulness / Light Delight,Vegetation,Ephemeral / Fleeting,Architectural,Workstation
232,[A] okay but what do we do with the middle part? (referring to the wall between the two windows) should we be able to open it to go outside….,C2,Sight,Direct Manipulation ,Authenticity / Groundedness,Light & Shadow,Intermittent / Sporadic,Architectural,Workstation
233,[A] should it be…so we open it up but how would we open it up?,C2,Sight,Direct Manipulation ,Authenticity / Groundedness,Light & Shadow,Intermittent / Sporadic,Technological,Workstation
234,[F] i mean physically open it up,C2,Kinesthetic,Direct Manipulation ,Authenticity / Groundedness,"Landscape (Views, Distance, Horizon)",Intermittent / Sporadic,Technological,Workstation
235,"[A] yeah but how do you turn it, do you lift it? Maybe if you lift it then the light goes through and then when it rains it’s…you can still keep it open because the water doesnt come it,",C2,Sight,Direct Manipulation ,Comfort / Safety,Light & Shadow,Intermittent / Sporadic,Technological,Workstation
235,"[A] yeah but how do you turn it, do you lift it? Maybe if you lift it then the light goes through and then when it rains it’s…you can still keep it open because the water doesnt come it,",C2,Kinesthetic,Direct Manipulation ,Comfort / Safety,Light & Shadow,Intermittent / Sporadic,Technological,Workstation
236,[?] so you adapt it to the climate,C2,Sight,Perceiving ,Comfort / Safety,Seasonality / Weather and Atmosphere,Gradual,Technological,Workstation
236,[?] so you adapt it to the climate,C2,Kinesthetic,Perceiving ,Comfort / Safety,Seasonality / Weather and Atmosphere,Gradual,Technological,Workstation
237,[A] could you open it this other way? And then it opens fully but then you almost fall outside…so that is not good…but maybe there is something outside ... maybe the building i actually supposed to look like this….,C2,Sight,Perceiving ,Comfort / Safety,Light & Shadow,Static,Architectural,Outdoor-Adjacent
238,[F] So then you experience the seasons ... .so the view of the office towards the landscapes should be part of the design so you don't just see the man-made structures…,C2,Sight,Perceiving ,Empathy,Seasonality / Weather and Atmosphere,Gradual,Architectural,Outdoor-Adjacent
239,"[A] so we have attractive movement of the thing going up, we have curtains that follow the movement of the people around and also the winds and the outside and behaviours and then we have the ceiling…",C2,Sight,Perceiving ,Aliveness,Wind and Airflow,Layered,Technological,Workstation
239,"[A] so we have attractive movement of the thing going up, we have curtains that follow the movement of the people around and also the winds and the outside and behaviours and then we have the ceiling…",C2,Kinesthetic,Perceiving ,Aliveness,Wind and Airflow,Layered,Technological,Workstation
239,"[A] so we have attractive movement of the thing going up, we have curtains that follow the movement of the people around and also the winds and the outside and behaviours and then we have the ceiling…",C2,Sound,Responding,Aliveness,Wind and Airflow,Layered,Technological,Workstation
240,[F] what i do think is a nice texture that relates to nature is the installations [or insulations…unclear what word was used]….what i think is that installations (on the ceiling) we humans need to have in the building and its really cool engineering but we always hide it and i think that it always has some texture there.,C2,Sight,Perceiving ,Authenticity / Groundedness,Natural Randomness / Natural Disorder,Static,Technological,Workstation
240,[F] what i do think is a nice texture that relates to nature is the installations [or insulations…unclear what word was used]….what i think is that installations (on the ceiling) we humans need to have in the building and its really cool engineering but we always hide it and i think that it always has some texture there.,C2,Touch,Perceiving ,Authenticity / Groundedness,Natural Randomness / Natural Disorder,Static,Technological,Workstation
241,[A] what i am annoyed about is the sound the installations make…but it is a sound and its part of the soundscape and sound experience but i would much rather have no insulations at all,C2,Sound,Perceiving ,Calm,Wind and Airflow,Perpetual,Technological,Workstation
242,[F] i would love to have no installations actually but i think that the elements that we need to function in an interior space as humans in an enclosed man-made space…that is nice to showcase as a texture…,C2,Sight,Perceiving ,Authenticity / Groundedness,Natural Randomness / Natural Disorder,Static,Architectural,Workstation
242,[F] i would love to have no installations actually but i think that the elements that we need to function in an interior space as humans in an enclosed man-made space…that is nice to showcase as a texture…,C2,Touch,Perceiving ,Authenticity / Groundedness,Natural Randomness / Natural Disorder,Static,Architectural,Workstation
243,Because i don't think that texture should be a moss printed carpet…,C2,Sight,Perceiving ,Authenticity / Groundedness,Terrain / Ground Texture,Static,Architectural,Workstation
244,[A] I agree with you and but then we put in the “sockets” or soccers? so the fabric that when we need air blows up and when we don't need air goes flat so again we have the change in texture and movements….with the oxygen coming in the space,C2,Sight,Responding,Aliveness,Wind and Airflow,Intermittent / Sporadic,Technological,Workstation
244,[A] I agree with you and but then we put in the “sockets” or soccers? so the fabric that when we need air blows up and when we don't need air goes flat so again we have the change in texture and movements….with the oxygen coming in the space,C2,Kinesthetic,Responding,Aliveness,Wind and Airflow,Intermittent / Sporadic,Technological,Workstation
244,[A] I agree with you and but then we put in the “sockets” or soccers? so the fabric that when we need air blows up and when we don't need air goes flat so again we have the change in texture and movements….with the oxygen coming in the space,C2,Touch,Responding,Aliveness,Wind and Airflow,Intermittent / Sporadic,Technological,Workstation
245,[F] What I think is that if we open up the space for an office how can that be a comfortable experience all year round ... .So even when I am comfortable I am still experiencing all these different changes…I'm not so insulated….,C2,Sight,Responding,Comfort / Safety,Seasonality / Weather and Atmosphere,Gradual,Hybrid / Mixed,Workstation
245,[F] What I think is that if we open up the space for an office how can that be a comfortable experience all year round ... .So even when I am comfortable I am still experiencing all these different changes…I'm not so insulated….,C2,Touch,Responding,Comfort / Safety,Seasonality / Weather and Atmosphere,Gradual,Hybrid / Mixed,Workstation
246,[A] interesting so this about comfort but nature is not always comfortable…so should we always design for feeling comfortable…or can you be…and thats what i like about texture so sometimes texture can be really rough…and that can be not comfortable but maybe it's also about diversity,C2,Touch,Perceiving ,Authenticity / Groundedness,Natural Randomness / Natural Disorder,Intermittent / Sporadic,Architectural,Workstation
246,[A] interesting so this about comfort but nature is not always comfortable…so should we always design for feeling comfortable…or can you be…and thats what i like about texture so sometimes texture can be really rough…and that can be not comfortable but maybe it's also about diversity,C2,Sight,Perceiving ,Authenticity / Groundedness,Natural Randomness / Natural Disorder,Intermittent / Sporadic,Architectural,Workstation
247,[A] what i like is that so we started with curtains on both sides of the room but maybe one of it should be with curtains and then the other one is very different….so super contrast….would you do a bom bast like an oak is really….,C2,Sight,Perceiving ,Curiosity / Gentle Fascination,Terrain / Ground Texture,Static,Architectural,Workstation
247,[A] what i like is that so we started with curtains on both sides of the room but maybe one of it should be with curtains and then the other one is very different….so super contrast….would you do a bom bast like an oak is really….,C2,Touch,Perceiving ,Curiosity / Gentle Fascination,Terrain / Ground Texture,Static,Architectural,Workstation
248,[F] Maybe that's what we create interiors…..i really like it when its summer and everyone walks around in barefeet…not so much in winter…i would do it but the floor is too cold,C2,Touch,Perceiving ,Aliveness,Seasonality / Weather and Atmosphere,Intermittent / Sporadic,Architectural,Workstation
248,[F] Maybe that's what we create interiors…..i really like it when its summer and everyone walks around in barefeet…not so much in winter…i would do it but the floor is too cold,C2,Kinesthetic,Perceiving ,Aliveness,Seasonality / Weather and Atmosphere,Intermittent / Sporadic,Architectural,Workstation
255,Yeah. So it's... It's the relation between the spaces. Yeah. It's about in the negative space.,C3,Sight,Responding,Socialness,Natural Randomness / Natural Disorder,Static,Architectural,Corridor
256,"Got me thinking about the experience you have when you go into a room - a really different room e- the rainforest for example…When you really step into this room i - everything s really different - sound, pressure…thats what i was thinking…",C3,Sound,Responding,Curiosity / Gentle Fascination,Seasonality / Weather and Atmosphere,Ephemeral / Fleeting,Hybrid / Mixed,Corridor
256,"Got me thinking about the experience you have when you go into a room - a really different room e- the rainforest for example…When you really step into this room i - everything s really different - sound, pressure…thats what i was thinking…",C3,Pressure,Responding,Curiosity / Gentle Fascination,Seasonality / Weather and Atmosphere,Ephemeral / Fleeting,Hybrid / Mixed,Corridor
256,"Got me thinking about the experience you have when you go into a room - a really different room e- the rainforest for example…When you really step into this room i - everything s really different - sound, pressure…thats what i was thinking…",C3,Sight,Responding,Curiosity / Gentle Fascination,Seasonality / Weather and Atmosphere,Ephemeral / Fleeting,Hybrid / Mixed,Corridor
257,So that should be the in between space -,C3,Sight,Responding,Socialness,Light & Shadow,Static,Architectural,Corridor
258,"Because if you make a room…it is not…but if you make a space…it should be where you go…t should be the space where you always go whether you go between rooms, out of a building etc….",C3,Kinesthetic,Exploring ,Socialness,Seasonality / Weather and Atmosphere,Static,Architectural,Corridor
258,"Because if you make a room…it is not…but if you make a space…it should be where you go…t should be the space where you always go whether you go between rooms, out of a building etc….",C3,Sight,Exploring ,Socialness,Seasonality / Weather and Atmosphere,Static,Architectural,Corridor
259,And thats also the case outside….so thats interesting. We dont want to call it the hall way but a in between space…,C3,Kinesthetic,Exploring ,Socialness,Light & Shadow,Static,Architectural,Corridor
259,And thats also the case outside….so thats interesting. We dont want to call it the hall way but a in between space…,C3,Sight,Exploring ,Socialness,Light & Shadow,Static,Architectural,Corridor
260,I did once this design for - we had to redesign the face for the whole building….and then we made something where the extra space between the inside and the outside…like a climate space…a space that you can step into….but you are not moving…,C3,Sight,Perceiving ,Empathy,Seasonality / Weather and Atmosphere,Gradual,Hybrid / Mixed,Outdoor-Adjacent
260,I did once this design for - we had to redesign the face for the whole building….and then we made something where the extra space between the inside and the outside…like a climate space…a space that you can step into….but you are not moving…,C3,Touch,Perceiving ,Empathy,Seasonality / Weather and Atmosphere,Gradual,Hybrid / Mixed,Outdoor-Adjacent
261,"So that is actually in between the built environment and nature…so you are trying to hget the best of both worlds and then uses the elements of outside as much as possible in an indoor environment, eg light in experiencing the weather…but its not open…but this (the space they chose) would be….",C3,Sight,Perceiving ,Empathy,Seasonality / Weather and Atmosphere,Gradual,Hybrid / Mixed,Outdoor-Adjacent
261,"So that is actually in between the built environment and nature…so you are trying to hget the best of both worlds and then uses the elements of outside as much as possible in an indoor environment, eg light in experiencing the weather…but its not open…but this (the space they chose) would be….",C3,Sound,Perceiving ,Empathy,Light & Shadow,Gradual,Hybrid / Mixed,Outdoor-Adjacent
262,I think we should choose…we should do this but inside a building - staircase for example…,C3,Kinesthetic,Exploring ,Comfort / Safety,Natural Randomness / Natural Disorder,Static,Architectural,Staircase
262,I think we should choose…we should do this but inside a building - staircase for example…,C3,Sight,Exploring ,Mental Reset,Natural Randomness / Natural Disorder,Static,Architectural,Staircase
263,We want this space to shift your focus to create a headspace same like when you go from home to work that moment gives you headspace…because and the other thing is that nature is randomly organised so our will also ….of course there will be some relation with each other for structure but still some randomness….it should be intuitive i guess… like a space that evokes that feeling of randomness like everytime you are there there is something that is just a little bit different…so you are like I was here before but it’s just a bit different this time….,C3,Sight,Perceiving ,Aliveness,Natural Randomness / Natural Disorder,Intermittent / Sporadic,Architectural,Corridor
263,We want this space to shift your focus to create a headspace same like when you go from home to work that moment gives you headspace…because and the other thing is that nature is randomly organised so our will also ….of course there will be some relation with each other for structure but still some randomness….it should be intuitive i guess… like a space that evokes that feeling of randomness like everytime you are there there is something that is just a little bit different…so you are like I was here before but it’s just a bit different this time….,C3,Kinesthetic,Perceiving ,Aliveness,Natural Randomness / Natural Disorder,Intermittent / Sporadic,Architectural,Corridor
263,We want this space to shift your focus to create a headspace same like when you go from home to work that moment gives you headspace…because and the other thing is that nature is randomly organised so our will also ….of course there will be some relation with each other for structure but still some randomness….it should be intuitive i guess… like a space that evokes that feeling of randomness like everytime you are there there is something that is just a little bit different…so you are like I was here before but it’s just a bit different this time….,C3,Sound,Perceiving ,Aliveness,Natural Randomness / Natural Disorder,Intermittent / Sporadic,Architectural,Corridor
264,"So lighting is very interesting here,,,,it helps make clear the relations between the random space….colour as well i think but if you really restrict yourself in the built environment and how can we make that more random…and",C3,Sight,Perceiving ,Curiosity / Gentle Fascination,Light & Shadow,Gradual,Architectural,Corridor
265,"And also noises…if there are different noises like in the beginning when you step into a glass house in singapore for eg its warm first and you hear water flowing birds, and then later on much colder, still, another sound…",C3,Sound,Perceiving ,Aliveness,Animal Life,Cyclical / Rhythmic,Hybrid / Mixed,Corridor
265,"And also noises…if there are different noises like in the beginning when you step into a glass house in singapore for eg its warm first and you hear water flowing birds, and then later on much colder, still, another sound…",C3,Sight,Perceiving ,Aliveness,Animal Life,Layered,Hybrid / Mixed,Corridor
266,That change…should not be too big…because if it’s not intuitive enough….,C3,Sight,Perceiving ,Comfort / Safety,Natural Randomness / Natural Disorder,Gradual,Architectural,Corridor
267,So you can….(they sketch a space between the building and the outdoors in a vertical perspective)...and time is important to capture…for ex there is lighting that follows that light outside and in the end of the day gives you a more calm…..,C3,Sight,Perceiving ,Calm,Light & Shadow,Cyclical / Rhythmic,Technological,Corridor
268,Smell is interesting because I really see smell - like a green smell when you are outside and here in the office there is an office smell…but during the day I do not smell nothing…and smell is important often as a first sense of acknowledgement…eg when you step in the beach or reach the top of a mountain the first thing you do is breathe in deeply…(brethes deeply in) so that could be interesting to create that difference between the space you have to work in and step outside…,C3,Smell,Perceiving ,Empathy,Seasonality / Weather and Atmosphere,Ephemeral / Fleeting,Technological,Outdoor-Adjacent
269,So sound and smell….,C3,Sound,Perceiving ,Authenticity / Groundedness,Seasonality / Weather and Atmosphere,Layered,Technological,Corridor
269,So sound and smell….,C3,Smell,Perceiving ,Authenticity / Groundedness,Seasonality / Weather and Atmosphere,Layered,Technological,Corridor
270,A movement is actually super important…,C3,Kinesthetic,Exploring ,Aliveness,Wind and Airflow,Static,Technological,Corridor
271,"Maybe you should move to a new floor…so this in an in between space…the purpose of this space is to clear your mind…takes your focus off what you are currently doing - shifts your focus maybe, creates headspace - a blankness.",C3,Kinesthetic,Exploring ,Mental Reset,Natural Randomness / Natural Disorder,Static,Architectural,Corridor
271,"Maybe you should move to a new floor…so this in an in between space…the purpose of this space is to clear your mind…takes your focus off what you are currently doing - shifts your focus maybe, creates headspace - a blankness.",C3,Sight,Exploring ,Mental Reset,Natural Randomness / Natural Disorder,Static,Architectural,Corridor
272,How do people interact in this space - you meet there or not…it would be nice to move tehre and also sit there becaus eyou need to take time - as long as it takest o give you headspace…sit or stay here as long as you need..,C3,Kinesthetic,Collaborative ,Mental Reset,Seasonality / Weather and Atmosphere,Gradual,Architectural,Corridor
272,How do people interact in this space - you meet there or not…it would be nice to move tehre and also sit there becaus eyou need to take time - as long as it takest o give you headspace…sit or stay here as long as you need..,C3,Sight,Collaborative ,Mental Reset,Seasonality / Weather and Atmosphere,Gradual,Architectural,Corridor
273,Which senses - its specially about the change so change between spaces and change within space. The first is about a big change (so when you go in its super different from where you work) and then within the space after the big change there are smaller subtle changes (over time in the day and as well as over seasons) etc.,C3,Sight,Perceiving ,Mental Reset,Seasonality / Weather and Atmosphere,Layered,Technological,Corridor
273,Which senses - its specially about the change so change between spaces and change within space. The first is about a big change (so when you go in its super different from where you work) and then within the space after the big change there are smaller subtle changes (over time in the day and as well as over seasons) etc.,C3,Sound,Perceiving ,Mental Reset,Seasonality / Weather and Atmosphere,Layered,Technological,Corridor
273,Which senses - its specially about the change so change between spaces and change within space. The first is about a big change (so when you go in its super different from where you work) and then within the space after the big change there are smaller subtle changes (over time in the day and as well as over seasons) etc.,C3,Smell,Perceiving ,Mental Reset,Seasonality / Weather and Atmosphere,Layered,Technological,Corridor
273,Which senses - its specially about the change so change between spaces and change within space. The first is about a big change (so when you go in its super different from where you work) and then within the space after the big change there are smaller subtle changes (over time in the day and as well as over seasons) etc.,C3,Touch,Perceiving ,Mental Reset,Seasonality / Weather and Atmosphere,Layered,Technological,Corridor
274,"J: My name is Jagrit. I work at Moss as a green designer. I'm here since I don't know, four years. For me, biophilic design is of course nature inspired but is also about not just what you see, but what you feel…not just through your five, it's not just about touching or hearing but what you really feel as an experience.",C3,Touch,Perceiving ,Empathy,Vegetation,Gradual,Architectural,Workstation
274,"J: My name is Jagrit. I work at Moss as a green designer. I'm here since I don't know, four years. For me, biophilic design is of course nature inspired but is also about not just what you see, but what you feel…not just through your five, it's not just about touching or hearing but what you really feel as an experience.",C3,Sight,Perceiving ,Empathy,Vegetation,Gradual,Architectural,Workstation
275,"L: My name is Lauren. I work at Marketing and Communications at Moss. I have for over a year, a little over a year. To me, Bio-Filia, I always think of a comparison to Bio-Memocry. I can define the two by comparing and seeing what's different because Bio-Memocry is trying to recreate nature and then Bio-Filia is trying to create spaces that are more about nature, for nature, like built from love of nature, and desire to maintain it and preserve it rather than just mimic it, recreate it, more to appreciate it.",C3,Sight,Perceiving ,Empathy,Vegetation,Static,Technological,Workstation
276,"B: My name is Bala, I work at Moss for almost two years now and I'm a green designer. For me, Bio-Filia is just like others said, reconnecting with nature, taking a break from what we do every time or also sense of safeness when you're around something, basically giving you a relaxed feeling. Or a pause from what you easily do.",C3,Sight,Perceiving ,Comfort / Safety,Vegetation,Gradual,Technological,Workstation
277,"I: Hi, my name is Irini. I work for Moss as a green designer as well and plant specialists. For me, Bio-Filia is how you relate to the living elements that surround you and that you sort of connect. Like when you see the plants growing, the new leaves, the flowers, all of this creates some connection because it's a living element and you are also a living being. So that's for me.",C3,Sight,Perceiving ,Empathy,Vegetation,Gradual,Direct natural,Workstation
277,"I: Hi, my name is Irini. I work for Moss as a green designer as well and plant specialists. For me, Bio-Filia is how you relate to the living elements that surround you and that you sort of connect. Like when you see the plants growing, the new leaves, the flowers, all of this creates some connection because it's a living element and you are also a living being. So that's for me.",C3,Touch,Perceiving ,Empathy,Vegetation,Gradual,Direct natural,Workstation
278,"M: My name is Maui and I've been working at Moss as a green designer for the past two to three years. For me, Bio-Filia directly sort of links me to the connection with nature, but as a designer, I often think about it as Bio-Filia design. It's basically about connecting to Mother Nature and bringing nature into the urban environment. And it's one of those things that is very essential even though a lot of the time we look over it. And that's the work that we do here at Moss as well is trying to bring or reconnect us to nature that has lost over the years.",C3,Sight,Perceiving ,Empathy,Vegetation,Gradual,Direct natural,Workstation
279,L: So outdoor birds. So I draw the birds right there?,C3,Sound,Perceiving ,Aliveness,Animal Life,Intermittent / Sporadic,Direct natural,Outdoor-Adjacent
280,"S: That's the best way. The right thing we can do. So maybe, so it's more about what are the different ways that you experience sound. I mean, you obviously hear it, but where does it come from? How does it make you feel on an indifferent level? Is it static? Is it monotonous? Is it like different layers of experience itself?",C3,Sound,Perceiving ,Curiosity / Gentle Fascination,Wind and Airflow,Layered,Technological,Corridor
335,J: Has anybody been in the Singapore airport? You know that's an indoor space but it's so huge in here. Yeah. But so that's why it mimics the outdoor sense. But the same thing in a smaller scale does not. So scale also,C4,Sight,Perceiving ,Curiosity / Gentle Fascination,"Landscape (Views, Distance, Horizon)",Static,Technological,Atrium
335,J: Has anybody been in the Singapore airport? You know that's an indoor space but it's so huge in here. Yeah. But so that's why it mimics the outdoor sense. But the same thing in a smaller scale does not. So scale also,C4,Kinesthetic,Perceiving ,Curiosity / Gentle Fascination,"Landscape (Views, Distance, Horizon)",Static,Technological,Atrium
336,"B: Also the way that it falls, if it’s artificial then your brain automatically senses it's artificial. And it is natural..",C4,Sight,Perceiving ,Authenticity / Groundedness,Water,Gradual,Technological,Outdoor-Adjacent
337,J: So also the form fit.,C4,Sight,Perceiving ,Comfort / Safety,Water,Static,Architectural,Outdoor-Adjacent
338,"I: Well, the layers sounds good. Soothing and meditation sort of goes together.",C4,Sound,Perceiving ,Calm,Water,Gradual,Architectural,Corridor
339,"I: I would try to make a space for the soothing part. And I would pick the towels. I think that's why you can make like a big... That's all. You can use this deck. Oh, that's a big thing. You can use this one. Yeah, but this is a lot more like... Not the casual. But the people who are sitting on the sofa should... Convert this to that mask room. Do we have a sketch on it or not? Yeah, so this is where you can either discuss it basically, or you can use these things. I was told architect some designers. And they were like transparent pieces. So... You have supplies. I basically went to the store and I was like, Oh, what do you guys use? You was like, here. You want the clothes for a long time? I don't even use them. Yes. So... For four people. Yeah. This is just... Let's discuss. How do you want to control the sound? I'll be working on it. You have to operate this because it's like two full channels.",C4,Sound,Collaborative ,Calm,Water,Layered,Technological,Workstation
339,"I: I would try to make a space for the soothing part. And I would pick the towels. I think that's why you can make like a big... That's all. You can use this deck. Oh, that's a big thing. You can use this one. Yeah, but this is a lot more like... Not the casual. But the people who are sitting on the sofa should... Convert this to that mask room. Do we have a sketch on it or not? Yeah, so this is where you can either discuss it basically, or you can use these things. I was told architect some designers. And they were like transparent pieces. So... You have supplies. I basically went to the store and I was like, Oh, what do you guys use? You was like, here. You want the clothes for a long time? I don't even use them. Yes. So... For four people. Yeah. This is just... Let's discuss. How do you want to control the sound? I'll be working on it. You have to operate this because it's like two full channels.",C4,Touch,Collaborative ,Calm,Water,Layered,Technological,Workstation
340,So do you think you see it as a multipurpose space so during lunch it turns into a social space or later work and relax. The purpose is also to have a breather. To stop from what you are doing.,C4,Sight,Collaborative ,Mental Reset,Water,Static,Technological,Lounge
340,So do you think you see it as a multipurpose space so during lunch it turns into a social space or later work and relax. The purpose is also to have a breather. To stop from what you are doing.,C4,Kinesthetic,Collaborative ,Mental Reset,Water,Static,Technological,Lounge
341,The qualities of sound in this scenario…calm. Is it calming tho because it can be very surrounded and closed…,C4,Sound,Perceiving ,Calm,Light & Shadow,Layered,Architectural,Lounge
342,You know what? Do you want this space to be social or do you want to be..,C4,Sight,Collaborative ,Socialness,Wind and Airflow,Static,Architectural,Lounge
342,You know what? Do you want this space to be social or do you want to be..,C4,Kinesthetic,Collaborative ,Socialness,Wind and Airflow,Static,Architectural,Lounge
343,I think it is social because the seats are very close to each other and you can sit closely and interact. You can really see each other and hear each other….,C4,Sight,Collaborative ,Socialness,Wind and Airflow,Static,Architectural,Lounge
343,I think it is social because the seats are very close to each other and you can sit closely and interact. You can really see each other and hear each other….,C4,Sound,Collaborative ,Socialness,Wind and Airflow,Static,Architectural,Lounge
344,So we want to soften …,C4,Sound,Perceiving ,Calm,Wind and Airflow,Perpetual,Architectural,Lounge
345,We are trying to do a layered sound design because the space is enclosed but sounds can come from here and here….,C4,Sound,Responding,Playfulness / Light Delight,"Landscape (Views, Distance, Horizon)",Layered,Technological,Lounge
346,Should we start sketching? It would be nice to do a green wall at the back with hanging things or like a screen planter with higher plants and you can enter and if its really green all around ... .because then these will layer the sounds naturally around..,C4,Sound,Exploring ,Aliveness,Vegetation,Layered,Direct natural,Lounge
347,I mean if we go a bit crazy and add a bit of water feature….,C4,Sound,Perceiving ,Calm,Water,Perpetual,Direct natural,Lounge
347,I mean if we go a bit crazy and add a bit of water feature….,C4,Sight,Perceiving ,Calm,Water,Perpetual,Direct natural,Lounge
348,"So for example,. There will be this green wall that layers and changes sounds and then we have a garden here with water features (because we lose a lot of sources of outdoors)....we want to use these planters to soften sounds…. And then something that comes from above…that is really important..",C4,Sound,Perceiving ,Aliveness,Vegetation,Layered,Direct natural,Lounge
348,"So for example,. There will be this green wall that layers and changes sounds and then we have a garden here with water features (because we lose a lot of sources of outdoors)....we want to use these planters to soften sounds…. And then something that comes from above…that is really important..",C4,Kinesthetic,Perceiving ,Aliveness,Water,Layered,Direct natural,Lounge
348,"So for example,. There will be this green wall that layers and changes sounds and then we have a garden here with water features (because we lose a lot of sources of outdoors)....we want to use these planters to soften sounds…. And then something that comes from above…that is really important..",C4,Sight,Perceiving ,Aliveness,Natural Randomness / Natural Disorder,Layered,Direct natural,Lounge
349,Also are you sure if this should be a green wall and not that wall? Because this wall that you added as a green wall is not really connected to anyone whereas if we add it here then people can connect with it if they sit in this space.,C4,Sight,Perceiving ,Empathy,Vegetation,Static,Direct natural,Lounge
349,Also are you sure if this should be a green wall and not that wall? Because this wall that you added as a green wall is not really connected to anyone whereas if we add it here then people can connect with it if they sit in this space.,C4,Sight,Perceiving ,Empathy,Vegetation,Static,Architectural,Lounge
350,I see this here because it is a bit of a destination…..to get to….if it’s at the end…and if we also add some elements along the way then they naturally guide you to your destination.,C4,Sight,Exploring ,Playfulness / Light Delight,Vegetation,Static,Architectural,Lounge
350,I see this here because it is a bit of a destination…..to get to….if it’s at the end…and if we also add some elements along the way then they naturally guide you to your destination.,C4,Sight,Exploring ,Playfulness / Light Delight,Light & Shadow,Static,Architectural,Lounge
351,And you think of this as a sunken space? I think of this as more elevated with a water feature? I think we need to think of sunken as different materials which are nicer with softer materials such as soil and actually soil as the capacity to absorb more sounds than plants….it will be harder to elevate the whole thing.,C4,Touch,Perceiving ,Calm,Vegetation,Static,Direct natural,Lounge
351,And you think of this as a sunken space? I think of this as more elevated with a water feature? I think we need to think of sunken as different materials which are nicer with softer materials such as soil and actually soil as the capacity to absorb more sounds than plants….it will be harder to elevate the whole thing.,C4,Sight,Perceiving ,Calm,Terrain / Ground Texture,Static,Direct natural,Lounge
352,"I think once you walk in, you have these “shelves that move apart” and draws you in",C4,Sight,Responding,Playfulness / Light Delight,Vegetation,Gradual,Technological,Corridor
352,"I think once you walk in, you have these “shelves that move apart” and draws you in",C4,Kinesthetic,Responding,Playfulness / Light Delight,Vegetation,Gradual,Technological,Corridor
353,"So to summarise , we are designing the study nook and we imagine this space to be multipurpose, mixed with social and focus and as well as a place to relax and immerse in biophilic design. The sound is layered and aims to soothe. By adding green in multiple layers that will soften the sound and create different experiences.",C4,Sound,Collaborative ,Mental Reset,Vegetation,Layered,Direct natural,Workstation
353,"So to summarise , we are designing the study nook and we imagine this space to be multipurpose, mixed with social and focus and as well as a place to relax and immerse in biophilic design. The sound is layered and aims to soothe. By adding green in multiple layers that will soften the sound and create different experiences.",C4,Kinesthetic,Collaborative ,Mental Reset,Vegetation,Layered,Technological,Workstation
353,"So to summarise , we are designing the study nook and we imagine this space to be multipurpose, mixed with social and focus and as well as a place to relax and immerse in biophilic design. The sound is layered and aims to soothe. By adding green in multiple layers that will soften the sound and create different experiences.",C4,Sight,Collaborative ,Socialness,Vegetation,Layered,Technological,Workstation
354,Do you think sound is introduced as an element or created here? Both.,C4,Sound,Perceiving ,Aliveness,Vegetation,Layered,Technological,Lounge
355,I think one is actually using plants as a tuning because indoor spaces such as these university spaces are quite loud and using plants with different surfaces and root structures really dampens the sound and reduces reverb time and also the use of water and soil impacts echoes.,C4,Sound,Responding,Aliveness,Vegetation,Layered,Direct natural,Lounge
355,I think one is actually using plants as a tuning because indoor spaces such as these university spaces are quite loud and using plants with different surfaces and root structures really dampens the sound and reduces reverb time and also the use of water and soil impacts echoes.,C4,Sound,Responding,Aliveness,Water,Layered,Direct natural,Lounge
356,We also added rocks to make the sounds rougher and add a bit of unpredictability to the sound in that space.,C4,Sound,Perceiving ,Curiosity / Gentle Fascination,Animal Life,Intermittent / Sporadic,Direct natural,Lounge
356,We also added rocks to make the sounds rougher and add a bit of unpredictability to the sound in that space.,C4,Sound,Perceiving ,Curiosity / Gentle Fascination,Natural Randomness / Natural Disorder,Intermittent / Sporadic,Direct natural,Lounge
357,Another thing that we haven't really discussed yet is do we want to add some sort of nature speaker? When you are in this space you are surrounded by all this green so a light background sound can really take it to the next level….,C4,Sound,Responding,Aliveness,Vegetation,Perpetual,Technological,Lounge
358,"What is the purpose of the space…events well one is for everyday use…and other Ive seen people use it for taking photos, gathering, presentations….everyday movements - it is a staircase afterall so you need to take it to move from up to down…so it does have to do that",C5,Kinesthetic,Exploring ,Socialness,Terrain / Ground Texture,Static,Architectural,Staircase
358,"What is the purpose of the space…events well one is for everyday use…and other Ive seen people use it for taking photos, gathering, presentations….everyday movements - it is a staircase afterall so you need to take it to move from up to down…so it does have to do that",C5,Sound,Exploring ,Socialness,Terrain / Ground Texture,Static,Architectural,Staircase
360,What are the qualities of sound in this scenario. I mean this space is really open…,C5,Sound,Perceiving ,Aliveness,"Landscape (Views, Distance, Horizon)",Gradual,Architectural,Staircase
361,So there should be no echo…,C5,Sound,Responding,Calm,Wind and Airflow,Static,Architectural,Staircase
362,The sound is mostly human triggered….made by humans….we wanna make this no echo…so when many people talk in many different conversations and all you hear is the hummin…that is irritating.,C5,Sound,Responding,Calm,Wind and Airflow,Perpetual,Technological,Staircase
363,Basically you want to tone down the mumbling….so make it more acoustic,C5,Sound,Responding,Calm,Wind and Airflow,Static,Technological,Staircase
364,"For the staircase, since it's all made of wood and a lot of human movement use it, it makes a lot of noise during meetups. This this can create….so this is like a space that performs five different functions at different times but at the same time not having sound overlap, without disturbing people in the space and surrounding space….",C5,Sound,Exploring ,Calm,Wind and Airflow,Intermittent / Sporadic,Architectural,Staircase
364,"For the staircase, since it's all made of wood and a lot of human movement use it, it makes a lot of noise during meetups. This this can create….so this is like a space that performs five different functions at different times but at the same time not having sound overlap, without disturbing people in the space and surrounding space….",C5,Kinesthetic,Exploring ,Calm,Wind and Airflow,Intermittent / Sporadic,Architectural,Staircase
365,You definitely keep a part of this space accessible…but also having ..What if we create like two distinct spaces here in the stairway and use plants to separate them.,C5,Sight,Exploring ,Comfort / Safety,Vegetation,Static,Architectural,Staircase
365,You definitely keep a part of this space accessible…but also having ..What if we create like two distinct spaces here in the stairway and use plants to separate them.,C5,Sound,Exploring ,Comfort / Safety,Vegetation,Static,Architectural,Staircase
366,It has to be something that is not fixed…so you can manoeuvre…,C5,Kinesthetic,Responding,Comfort / Safety,Vegetation,Intermittent / Sporadic,Architectural,Staircase
367,So we want to controlling sound….which starts with people talking..one of the studies MOSS did is with people - plants reduce sound but also visually break space…..,C5,Sight,Responding,Aliveness,Vegetation,Layered,Direct natural,Staircase
367,So we want to controlling sound….which starts with people talking..one of the studies MOSS did is with people - plants reduce sound but also visually break space…..,C5,Sound,Responding,Aliveness,Vegetation,Layered,Direct natural,Staircase
368,"So when we started here, we started with all these sound experiences outdoor. Then we moved in and talked about how they changed but then we we design now, we don't event think about these…we are only thinking about how artificial sound is managed. So we’ve lost the whole research…if you really want to introduce control..how would you do it with plants? How would you do it with nature inspired sound? Then we bring in plants…",C5,Sound,Responding,Empathy,Vegetation,Layered,Hybrid / Mixed,Staircase
370,Water element…have it flow…it can me movable staircases….put,C5,Sound,Direct Manipulation ,Curiosity / Gentle Fascination,Water,Perpetual,Hybrid / Mixed,Staircase
370,Water element…have it flow…it can me movable staircases….put,C5,Kinesthetic,Direct Manipulation ,Curiosity / Gentle Fascination,Water,Perpetual,Hybrid / Mixed,Staircase
371,I really like the memory thing as well with sound and see how we can bring it indoors.,C5,Sound,Responding,Empathy,Water,Ephemeral / Fleeting,Hybrid / Mixed,Staircase
372,"soi like the workspace is up and relaxation space is down the stairs, so the sound of the water could do something there…showing you that once you pass the water space you are now in the work space….",C5,Sound,Responding,Mental Reset,Water,Cyclical / Rhythmic,Hybrid / Mixed,Staircase
372,"soi like the workspace is up and relaxation space is down the stairs, so the sound of the water could do something there…showing you that once you pass the water space you are now in the work space….",C5,Kinesthetic,Responding,Mental Reset,Water,Cyclical / Rhythmic,Hybrid / Mixed,Staircase
373,"I love th idea of water down the stairs, then you have some plants scattered and the water starts from something should be there so you can make sure that you hear…",C5,Sound,Perceiving ,Calm,Water,Gradual,Hybrid / Mixed,Staircase
373,"I love th idea of water down the stairs, then you have some plants scattered and the water starts from something should be there so you can make sure that you hear…",C5,Sight,Perceiving ,Calm,Vegetation,Gradual,Hybrid / Mixed,Staircase
374,Adding stepping stones perhaps to brake the flow?,C5,Kinesthetic,Direct Manipulation ,Playfulness / Light Delight,Terrain / Ground Texture,Intermittent / Sporadic,Hybrid / Mixed,Staircase
374,Adding stepping stones perhaps to brake the flow?,C5,Sound,Direct Manipulation ,Playfulness / Light Delight,Water,Intermittent / Sporadic,Hybrid / Mixed,Staircase
375,Plants can interact with the water to make it more acoustic and natural.,C5,Sound,Perceiving ,Empathy,Vegetation,Layered,Hybrid / Mixed,Staircase
375,Plants can interact with the water to make it more acoustic and natural.,C5,Sight,Perceiving ,Empathy,Water,Layered,Hybrid / Mixed,Staircase
376,"Maybe dd some keywords? Flow, random and non repetitive,",C5,Sight,Responding,Curiosity / Gentle Fascination,Natural Randomness / Natural Disorder,Layered,Technological,Staircase
376,"Maybe dd some keywords? Flow, random and non repetitive,",C5,Kinesthetic,Responding,Curiosity / Gentle Fascination,Natural Randomness / Natural Disorder,Layered,Technological,Staircase
377,"Other than water, can we do anything…i mean we dont have wind otherwise the movement of wind could have made sounds and added biodiversity…",C5,Sound,Perceiving ,Aliveness,Animal Life,Intermittent / Sporadic,Direct natural,Staircase
379,I feel like in this design people would not notice it and it would just become a white noise.,C5,Sound,Perceiving ,Curiosity / Gentle Fascination,Water,Perpetual,Architectural,Staircase
380,"It could be tuned to the day like in the morning it can be active so that there is more flow and during lunch it can be wilder…we can also add randomness like the water turns off and on so that it brings attention to itself…when its always the same people wont notice it and they will get used to it. This is how it is outside,,,ytou are always looking out for changes and you hear the changes and you either see something new or learn something….indoors sound doesnt change and people get accustomed to it which is a very artificial quality.",C5,Sound,Responding,Mental Reset,Water,Cyclical / Rhythmic,Technological,Staircase
381,I also think that it will start carrying meaning….like you turn on everyday at lunch people will start associating it with food….so it tells people that thgs is the time to place…also,C5,Sound,Perceiving ,Empathy,Water,Cyclical / Rhythmic,Technological,Staircase
382,Also moving from obne space to another its a strong message….now im below…im above…its a sense of levels…,C5,Kinesthetic,Exploring ,Mental Reset,"Landscape (Views, Distance, Horizon)",Static,Architectural,Staircase
382,Also moving from obne space to another its a strong message….now im below…im above…its a sense of levels…,C5,Sound,Exploring ,Empathy,"Landscape (Views, Distance, Horizon)",Static,Architectural,Staircase
383,I dont know what but if theer is some sort of padding like moss so you dampen the sounds at the foot level not a carpet because thats not natural but like makes you feel like you are in teh woods.,C5,Touch,Perceiving ,Authenticity / Groundedness,Vegetation,Static,Architectural,Staircase
383,I dont know what but if theer is some sort of padding like moss so you dampen the sounds at the foot level not a carpet because thats not natural but like makes you feel like you are in teh woods.,C5,Kinesthetic,Perceiving ,Authenticity / Groundedness,Vegetation,Static,Architectural,Staircase
384,Maybe one side of the path can be wilder with the stones and so on so its like nature rules…..,C5,Kinesthetic,Exploring ,Playfulness / Light Delight,Natural Randomness / Natural Disorder,Intermittent / Sporadic,Direct natural,Staircase
384,Maybe one side of the path can be wilder with the stones and so on so its like nature rules…..,C5,Sight,Exploring ,Playfulness / Light Delight,Natural Randomness / Natural Disorder,Intermittent / Sporadic,Direct natural,Staircase